Category_ID,Category_Title,Category_Handle,Category_URL,Products_Count,Description,Published_At
451618046177,Aaraya,aaraya,https://theperfectgift.ae/collections/aaraya,70,,2024-12-12T11:42:15+04:00
245223456957,All Flowers,flowers,https://theperfectgift.ae/collections/flowers,176,,2021-02-20T14:48:33+04:00
245233025213,Angel's Collection,angels-collection,https://theperfectgift.ae/collections/angels-collection,8,,2021-02-20T16:30:43+04:00
260575101117,Anniversary,anniversary,https://theperfectgift.ae/collections/anniversary,176,,2021-02-25T20:25:57+04:00
245166932157,Baby / New Born Balloons,baby-balloons,https://theperfectgift.ae/collections/baby-balloons,188,,2021-02-20T03:35:37+04:00
245038055613,Baby Gifts,baby-gifts-dubai,https://theperfectgift.ae/collections/baby-gifts-dubai,156,,2021-02-18T18:28:13+04:00
260605477053,Baby Shower / Gender Reveal Decor,baby-shower-decor,https://theperfectgift.ae/collections/baby-shower-decor,179,,2021-02-26T01:16:23+04:00
471436787937,Balloon Cake,balloon-birthday-cake-dubai,https://theperfectgift.ae/collections/balloon-birthday-cake-dubai,31,,2025-09-27T19:40:18+04:00
245165293757,Balloons,balloons,https://theperfectgift.ae/collections/balloons,52,,2021-02-20T03:29:33+04:00
470522659041,Baptism / First Communion Cake,baptism-cake-dubai,https://theperfectgift.ae/collections/baptism-cake-dubai,28,,2025-09-16T13:05:15+04:00
244791443645,Best Selling Gifts,homepage,https://theperfectgift.ae/collections/homepage,14,,2021-02-15T22:18:15+04:00
245038088381,Birthday,birthday-gifts-dubai,https://theperfectgift.ae/collections/birthday-gifts-dubai,231,,2021-02-18T18:28:35+04:00
245166997693,Birthday Balloons,birthday-balloons-dubai,https://theperfectgift.ae/collections/birthday-balloons-dubai,208,,2021-02-20T03:35:57+04:00
443584381153,Birthday Banners,birthday-banners,https://theperfectgift.ae/collections/birthday-banners,10,,2024-08-25T17:55:08+04:00
463405809889,Birthday Cake with Ribbon Bows,birthday-cake-with-ribbon-bows-dubai,https://theperfectgift.ae/collections/birthday-cake-with-ribbon-bows-dubai,17,,2025-06-02T20:48:42+04:00
245223129277,Birthday Cakes,birthday-cake-dubai,https://theperfectgift.ae/collections/birthday-cake-dubai,122,,2021-02-20T14:39:08+04:00
443582939361,Birthday Candles,birthday-candles,https://theperfectgift.ae/collections/birthday-candles,16,,2024-08-25T17:12:35+04:00
260605378749,Birthday Venue Decor,birthday-venue-decor,https://theperfectgift.ae/collections/birthday-venue-decor,114,,2021-02-26T01:15:35+04:00
260596367549,Breast Cancer - Pink Ribbon,breast-cancer-pink-ribbon,https://theperfectgift.ae/collections/breast-cancer-pink-ribbon,121,,2021-02-25T22:42:06+04:00
484025893089,Butterfly Bouquet,butterfly-bouquet-gifts-dubai,https://theperfectgift.ae/collections/butterfly-bouquet-gifts-dubai,4,,2026-03-20T18:16:02+04:00
471437541601,Butterfly Cake,butterfly-cake-dubai,https://theperfectgift.ae/collections/butterfly-cake-dubai,25,,2025-09-27T20:11:29+04:00
468398735585,Cake for Baby Shower / Gender Reveal,cake-for-baby-shower-gender-reveal,https://theperfectgift.ae/collections/cake-for-baby-shower-gender-reveal,78,,2025-08-19T16:31:33+04:00
415479595233,Cake for Children / Kids,birthday-cake-for-children-kids-dubai,https://theperfectgift.ae/collections/birthday-cake-for-children-kids-dubai,247,,2023-05-24T18:51:16+04:00
415388762337,Cake for Her / Woman,dubai-cake-for-her-woman,https://theperfectgift.ae/collections/dubai-cake-for-her-woman,249,,2023-05-18T21:09:52+04:00
415387058401,Cake for Him / Men,dubai-cake-for-him-men,https://theperfectgift.ae/collections/dubai-cake-for-him-men,120,,2023-05-18T20:22:18+04:00
415481626849,Cake for Newborn,cake-for-newborn-baby-dubai,https://theperfectgift.ae/collections/cake-for-newborn-baby-dubai,92,,2023-05-24T22:41:53+04:00
443584020705,Cake Toppers,cake-toppers,https://theperfectgift.ae/collections/cake-toppers,17,,2024-08-25T17:46:42+04:00
245221949629,Children Balloons,children-ballloons,https://theperfectgift.ae/collections/children-ballloons,205,,2021-02-20T14:15:40+04:00
260603674813,Children Gifts,children-gifts-dubai,https://theperfectgift.ae/collections/children-gifts-dubai,283,,2021-02-26T00:42:29+04:00
260606066877,Children Themed Decor,children-themed-decor,https://theperfectgift.ae/collections/children-themed-decor,158,,2021-02-26T01:25:28+04:00
415989629153,Choco-Smash Cakes,choco-smash-cakes,https://theperfectgift.ae/collections/choco-smash-cakes,47,,2023-07-21T19:43:31+04:00
245228961981,Chocolate Bouquets,chocolate-bouquets,https://theperfectgift.ae/collections/chocolate-bouquets,24,,2021-02-20T15:25:44+04:00
484458463457,Chocolate Dipped Strawberry Bouquet,chocolate-dipped-strawberry-bouquet-dubai,https://theperfectgift.ae/collections/chocolate-dipped-strawberry-bouquet-dubai,20,,2026-03-24T23:45:55+04:00
245224734909,Chocolates,chocolates-gifts-dubai,https://theperfectgift.ae/collections/chocolates-gifts-dubai,40,,2021-02-20T15:06:44+04:00
260597186749,Christmas,christmas-gifts-dubai,https://theperfectgift.ae/collections/christmas-gifts-dubai,194,,2021-03-04T19:14:06+04:00
474227015905,Christmas Balloons,christmas-balloons-dubai,https://theperfectgift.ae/collections/christmas-balloons-dubai,29,,2025-11-06T12:06:12+04:00
416898842849,Christmas Cake,christmas-cake-dubai,https://theperfectgift.ae/collections/christmas-cake-dubai,72,,2023-10-22T15:50:41+04:00
245222047933,Christmas Tree & Balloons Decoration,christmas-tree-balloons-decoration-dubai,https://theperfectgift.ae/collections/christmas-tree-balloons-decoration-dubai,35,,2021-07-23T16:20:26+04:00
245232631997,Corporate Gifts,corporate-gifts,https://theperfectgift.ae/collections/corporate-gifts,90,,2021-02-20T16:27:43+04:00
463597699297,Corporate Logo Branded Cakes,corporate-branded-cakes,https://theperfectgift.ae/collections/corporate-branded-cakes,21,,2025-06-09T11:38:14+04:00
463607791841,Crown Cake,crown-birthday-cake-dubai,https://theperfectgift.ae/collections/crown-birthday-cake-dubai,25,,2025-06-09T14:23:39+04:00
245223358653,"Cupcakes, Cookies & Cakepops",cupcakes-cookies-cakepops,https://theperfectgift.ae/collections/cupcakes-cookies-cakepops,127,,2022-02-02T19:22:17+04:00
245221818557,Customized Bubble Balloons,customized-bubble-balloons,https://theperfectgift.ae/collections/customized-bubble-balloons,98,,2021-02-20T14:13:55+04:00
245229060285,Delice,delice,https://theperfectgift.ae/collections/delice,51,,2021-02-20T15:27:21+04:00
470113878241,Design Donuts,design-donuts-dubai,https://theperfectgift.ae/collections/design-donuts-dubai,19,,2025-09-11T09:40:03+04:00
245229125821,Dipped Strawberries,dipped-strawberries,https://theperfectgift.ae/collections/dipped-strawberries,75,,2021-02-20T15:29:13+04:00
260596170941,Diwali,diwali,https://theperfectgift.ae/collections/diwali,65,,2021-02-25T22:38:46+04:00
463597469921,Diwali Cakes,diwali-cakes-dubai,https://theperfectgift.ae/collections/diwali-cakes-dubai,22,,2025-06-09T11:31:09+04:00
260597514429,Doctor / Nurse Day - Frontline Heroes,doctor-nurse-day-frontline-heroes,https://theperfectgift.ae/collections/doctor-nurse-day-frontline-heroes,31,,2021-02-25T22:56:26+04:00
260577788093,Easter,easter,https://theperfectgift.ae/collections/easter,80,,2021-02-25T21:03:44+04:00
483907404001,Eid Gifts,eid-gifts-dubai,https://theperfectgift.ae/collections/eid-gifts-dubai,103,,2026-03-17T21:09:02+04:00
491805507809,Enhanced Checkout Options,enhanced-checkout-options,https://theperfectgift.ae/collections/enhanced-checkout-options,0,,2026-07-09T20:27:02+04:00
245233254589,Event Venue Decoration,event-venue-decoration,https://theperfectgift.ae/collections/event-venue-decoration,215,,2021-02-20T16:32:46+04:00
245231976637,Experience Gift Voucher,experience-gift-voucher,https://theperfectgift.ae/collections/experience-gift-voucher,28,,2021-02-20T16:21:31+04:00
489673818337,Fifa World Cup / Football,fifa-world-cup-football-cake-gift-dubai,https://theperfectgift.ae/collections/fifa-world-cup-football-cake-gift-dubai,20,,2026-06-08T19:54:13+04:00
245223784637,Flower Baskets,flower-baskets,https://theperfectgift.ae/collections/flower-baskets,25,,2021-02-20T14:55:38+04:00
484025729249,Flower Bouquets In Gift Bag,flower-bouquets-copy,https://theperfectgift.ae/collections/flower-bouquets-copy,4,,2026-03-20T18:05:12+04:00
245223915709,Flower in a Gift Box,flower-in-a-gift-box,https://theperfectgift.ae/collections/flower-in-a-gift-box,142,,2021-02-20T14:56:35+04:00
245223489725,Flower Roses Bouquets,flower-roses-bouquets-dubai,https://theperfectgift.ae/collections/flower-roses-bouquets-dubai,74,,2021-02-20T14:51:32+04:00
245223981245,Flowers in a Vase,flowers-in-a-vase,https://theperfectgift.ae/collections/flowers-in-a-vase,41,,2021-02-20T14:57:27+04:00
260603805885,For Her / For Women,gift-for-woman-dubai,https://theperfectgift.ae/collections/gift-for-woman-dubai,302,,2021-02-26T00:45:53+04:00
260578410685,For Him / For Men,gifts-for-man-dubai,https://theperfectgift.ae/collections/gifts-for-man-dubai,203,,2021-02-25T21:12:35+04:00
245228634301,Forrey & Galland,forrey-galland,https://theperfectgift.ae/collections/forrey-galland,0,,2021-02-20T15:23:08+04:00
260575854781,Get well / Feel Better Soon,get-well-feel-better-soon,https://theperfectgift.ae/collections/get-well-feel-better-soon,52,,2021-02-25T20:34:17+04:00
260606263485,Giant Car Bows,giant-car-bows-dubai,https://theperfectgift.ae/collections/giant-car-bows-dubai,49,,2021-02-26T01:27:07+04:00
245229682877,Gift Baskets,gift-baskets,https://theperfectgift.ae/collections/gift-baskets,110,,2021-02-20T15:43:44+04:00
245231321277,Gift for Home,gift-accessories,https://theperfectgift.ae/collections/gift-accessories,69,,2021-02-20T16:15:53+04:00
443584577761,Gift Wrapping,gift-wrapping-dubai,https://theperfectgift.ae/collections/gift-wrapping-dubai,28,,2024-08-25T18:06:47+04:00
260604494013,Gifts for Office,work-colleague,https://theperfectgift.ae/collections/work-colleague,136,,2021-02-26T01:00:16+04:00
463593341153,Glitter Shiny Birthday Cakes,glitter-shiny-birthday-cakes-dubai,https://theperfectgift.ae/collections/glitter-shiny-birthday-cakes-dubai,24,,2025-06-09T08:54:18+04:00
245228372157,Godiva,godiva,https://theperfectgift.ae/collections/godiva,61,,2021-02-20T15:20:05+04:00
260578607293,Graduation,graduation,https://theperfectgift.ae/collections/graduation,109,,2021-02-25T21:14:27+04:00
463597338849,Graduation Cake,graduation-cake-dubai,https://theperfectgift.ae/collections/graduation-cake-dubai,28,,2025-06-09T11:25:27+04:00
260605640893,Graduation Decor,graduation-decor,https://theperfectgift.ae/collections/graduation-decor,47,,2021-02-26T01:18:30+04:00
260604362941,Grandparents,grandparents,https://theperfectgift.ae/collections/grandparents,3,,2021-02-26T00:56:31+04:00
245232795837,Greeting Cards,greeting-cards-dubai,https://theperfectgift.ae/collections/greeting-cards-dubai,75,,2021-02-20T16:29:06+04:00
260596302013,Halloween,halloween,https://theperfectgift.ae/collections/halloween,98,,2021-02-25T22:40:08+04:00
484025860321,Hand Tied Bouquet,hand-tied-roses-bouquet-dubai,https://theperfectgift.ae/collections/hand-tied-roses-bouquet-dubai,5,,2026-03-20T18:08:02+04:00
461840122081,Heart Shaped Cake,heart-shaped-cake-dubai,https://theperfectgift.ae/collections/heart-shaped-cake-dubai,73,,2025-05-10T19:29:51+04:00
245223030973,Helium Latex Balloons by Piece,helium-latex-balloons-dubai,https://theperfectgift.ae/collections/helium-latex-balloons-dubai,209,,2021-02-20T14:37:05+04:00
260606132413,Hospital New Born Baby Setup,hospital-new-born-setup,https://theperfectgift.ae/collections/hospital-new-born-setup,95,,2021-02-26T01:26:36+04:00
260596007101,House Warming,house-warming,https://theperfectgift.ae/collections/house-warming,59,,2021-02-25T22:36:22+04:00
260577460413,International Woman's Day,international-womans-day,https://theperfectgift.ae/collections/international-womans-day,80,,2021-02-25T20:59:02+04:00
396848103649,Jewelry,jewelry-gifts-dubai,https://theperfectgift.ae/collections/jewelry-gifts-dubai,50,,2021-11-28T22:37:23+04:00
463597076705,Lambeth Cake,lambeth-birthday-cake-dubai,https://theperfectgift.ae/collections/lambeth-birthday-cake-dubai,27,,2025-06-09T11:17:16+04:00
245223096509,Letter & Number Balloons,letter-number-balloons,https://theperfectgift.ae/collections/letter-number-balloons,81,,2021-02-20T14:37:47+04:00
471437738209,Letter & Number Shaped Cakes,letter-number-shaped-cakes-dubai,https://theperfectgift.ae/collections/letter-number-shaped-cakes-dubai,25,,2025-09-27T20:20:29+04:00
454514704609,Locherber Milano,locherber-milano-diffuser-fragrance-gifts-dubai,https://theperfectgift.ae/collections/locherber-milano-diffuser-fragrance-gifts-dubai,16,,2025-01-22T12:32:40+04:00
245221982397,Love Balloons,love-balloons,https://theperfectgift.ae/collections/love-balloons,92,,2021-02-20T14:16:08+04:00
446869471457,Luxury Flower Car Wrap,luxury-flowers-car-wraps-dubai,https://theperfectgift.ae/collections/luxury-flowers-car-wraps-dubai,23,,2024-10-06T15:25:58+04:00
444325757153,Luxury Personalised Roses Bouquet,luxury-personalised-roses-bouquet,https://theperfectgift.ae/collections/luxury-personalised-roses-bouquet,24,,2024-09-04T19:42:27+04:00
398644347105,Macarons,macarons,https://theperfectgift.ae/collections/macarons,33,,2022-01-07T15:00:28+04:00
415997886689,Marriage Proposal Setup Decor,marriage-proposal-setup-decor,https://theperfectgift.ae/collections/marriage-proposal-setup-decor,29,,2023-07-23T19:29:10+04:00
444093169889,Men's bracelet & Watches,mens-bracelet-watches,https://theperfectgift.ae/collections/mens-bracelet-watches,17,,2024-09-01T00:06:19+04:00
260598137021,Mother's Day,mothers-day,https://theperfectgift.ae/collections/mothers-day,183,,2021-02-25T23:07:01+04:00
245232468157,Musical Guitar Performance Surprise,musical-surprise,https://theperfectgift.ae/collections/musical-surprise,1,"Vitali, a Professional Ukrainian Guitarist & Performer, graduated from the R.M. Glier Kyiv State Music College (Kiev, Ukraine) as ""The Art of Jazz and Popular Music"" Performer. His experience includes music performance at corporate banquets and was the leader of the musical group “Amigos de UA”. Vitali also had the opportunity to work as guitar player at Le Meridian Hotel (Amman, Jordan). He lives in Dubai at present and works as tutor at Music & Dance Centre. The package includes a 15-30 minutes Guitar performance of 'Happy Birthday' & choose any other Songs from the list in the product details which can be the Perfect Gift to accompany your selected cake, flowers or balloons or simply on it's own! Perfect for Birthday's, Anniversaries, Marriage Proposal or any Romantic or Special Occasion!",2021-02-20T16:25:47+04:00
245105721533,New Gifts Collection,new-gifts-dubai,https://theperfectgift.ae/collections/new-gifts-dubai,19,,2021-02-19T16:06:10+04:00
260605771965,New Year Decoration,new-year-decoration,https://theperfectgift.ae/collections/new-year-decoration,19,,2024-12-22T20:26:00+04:00
260574707901,Occasions,occasions,https://theperfectgift.ae/collections/occasions,49,,2021-02-25T20:20:44+04:00
260605706429,Opening Ceremony - Corporate Events & Decorations,opening-ceremony,https://theperfectgift.ae/collections/opening-ceremony,75,,2021-02-26T01:19:29+04:00
245224112317,Orchid / Plants,orchid-plants,https://theperfectgift.ae/collections/orchid-plants,7,,2021-02-20T14:58:47+04:00
245230764221,Perfumes,perfumes,https://theperfectgift.ae/collections/perfumes,28,,2021-02-20T16:09:55+04:00
245230436541,Personalised Gifts,personalised-gifts,https://theperfectgift.ae/collections/personalised-gifts,66,,2021-02-20T16:06:39+04:00
457867854049,Personalised Handmade Wooden Gifts,personalised-handmade-wooden-gifts-dubai,https://theperfectgift.ae/collections/personalised-handmade-wooden-gifts-dubai,34,,2025-03-17T18:19:51+04:00
273648320701,Personalised Planters,personalised-gift-planters,https://theperfectgift.ae/collections/personalised-gift-planters,0,,2021-07-22T23:17:11+04:00
471722361057,Photo Cake,photo-birthday-cake-dubai,https://theperfectgift.ae/collections/photo-birthday-cake-dubai,14,,2025-10-03T22:27:26+04:00
245231747261,Plush Teddy Bears,plush-teddy-bears,https://theperfectgift.ae/collections/plush-teddy-bears,53,,2021-02-20T16:18:59+04:00
415990317281,Pool / Outdoor Venue Decor,pool-outdoor-venue-decor,https://theperfectgift.ae/collections/pool-outdoor-venue-decor,5,,2023-07-21T21:27:57+04:00
401509810401,Premium Majdool Luxury Dates,emarati-luxury-dates,https://theperfectgift.ae/collections/emarati-luxury-dates,19,,2022-03-09T22:17:04+04:00
260595712189,Rakhi,rakhi,https://theperfectgift.ae/collections/rakhi,32,,2021-02-25T22:30:44+04:00
260578050237,Ramadan,ramadan-gifts-dubai,https://theperfectgift.ae/collections/ramadan-gifts-dubai,137,,2021-02-25T21:06:21+04:00
260598857917,Recipient,recipient,https://theperfectgift.ae/collections/recipient,0,,2021-02-25T23:19:04+04:00
260605345981,Romantic Room Set-up,romantic-room-set-up,https://theperfectgift.ae/collections/romantic-room-set-up,77,,2021-02-26T01:14:39+04:00
484025499873,Roses Bow Bouquets Collection,roses-bouquet-gift-dubai,https://theperfectgift.ae/collections/roses-bouquet-gift-dubai,28,,2026-03-20T18:05:02+04:00
245223194813,Signature Cakes,birthday-cakes-dubai,https://theperfectgift.ae/collections/birthday-cakes-dubai,33,,2021-02-20T14:41:50+04:00
473054085345,Surprise Balloon Box,surprise-balloon-box-dubai,https://theperfectgift.ae/collections/surprise-balloon-box-dubai,39,,2025-10-20T21:33:54+04:00
260598333629,Thank You,thank-you,https://theperfectgift.ae/collections/thank-you,78,,2021-02-25T23:10:44+04:00
463641379041,Tiered Cake,tiered-cake,https://theperfectgift.ae/collections/tiered-cake,34,,2025-06-10T14:12:50+04:00
260596727997,UAE National / Flag Day,uae-national-day,https://theperfectgift.ae/collections/uae-national-day,38,,2021-02-25T22:45:21+04:00
260577329341,Valentine's Day,valentines-day,https://theperfectgift.ae/collections/valentines-day,253,,2021-02-25T20:56:08+04:00
483934339297,VIP Luxury Flowers,vip-luxury-flowers-dubai,https://theperfectgift.ae/collections/vip-luxury-flowers-dubai,101,,2026-03-20T18:16:20+04:00
260605739197,Wedding / Engagement Decor,wedding-engagement-decor,https://theperfectgift.ae/collections/wedding-engagement-decor,79,,2021-02-26T01:20:15+04:00
415481561313,Wedding Cake,wedding-cake-dubai,https://theperfectgift.ae/collections/wedding-cake-dubai,48,,2023-05-24T22:19:05+04:00
404968243425,Yacht Balloon Decoration,yacht-balloon-decor-dubai,https://theperfectgift.ae/collections/yacht-balloon-decor-dubai,33,,2022-05-25T20:16:56+04:00